heuristic,n_diseases,median_spearman,q25,q75,min_spearman,max_spearman,frac_strong
H3: equity / cost,18,1.0,0.9999999999999999,1.0,-0.9090909090909091,1.0,0.8333333333333334
H4: Var / cost,18,1.0,0.9057021647013321,1.0,0.4993559431185199,1.0,0.7222222222222222
H5: ndef / cost,12,-0.9885042104591971,-1.0,-0.771889791227398,-1.0,-0.5683985600588052,0.5833333333333334
