heuristic,spearman,p_spearman,kendall,p_kendall,top10_jaccard
H1: CEG / cost,,,,,1.0
H2: CEG only,,,,,1.0
H3: equity / cost,0.2182481800842025,2.4678127948147093e-05,0.14931954517077567,0.000205237560362524,0.1111111111111111
H4: Var / cost,0.7404138679055651,5.963632814579488e-65,0.591670493813554,3.684018037498698e-49,0.1111111111111111
H5: ndef / cost,-0.6334418665769472,1.4606130243773615e-42,-0.5511809318699813,2.0306940194100148e-35,0.0
